{
  "safe": {
    "precision": 0.9754057552524146,
    "recall": 0.9796,
    "f1-score": 0.9774983784862545,
    "support": 10000.0
  },
  "toxic": {
    "precision": 0.8599862731640356,
    "recall": 0.8353333333333334,
    "f1-score": 0.847480554616165,
    "support": 1500.0
  },
  "accuracy": 0.9607826086956521,
  "macro avg": {
    "precision": 0.9176960142082251,
    "recall": 0.9074666666666666,
    "f1-score": 0.9124894665512098,
    "support": 11500.0
  },
  "weighted avg": {
    "precision": 0.9603510401974086,
    "recall": 0.9607826086956521,
    "f1-score": 0.9605395318945037,
    "support": 11500.0
  },
  "auc_roc": 0.9752791666666667
}